id,user_id,product_id,activity_type,activity_timestamp,product_category_id,activity_duration,category_filter,top_category1,top_category2,top_category3,search_filter,min_price_filter,max_price_filter,order_id,interaction_value
1.0,2.0,14,b'browse',1729775644452.0,3.912791,3.0,4.689655,2.242215,4.266436,8.038062,b'book',40.0,84.333333,16.5,3.0
2.0,2.0,14,b'browse',1729775647056.0,3.912791,2.0,4.689655,2.242215,4.266436,8.038062,b'book',40.0,84.333333,16.5,3.0
3.0,2.0,14,b'browse',1729775648971.0,3.912791,1.0,4.689655,2.242215,4.266436,8.038062,b'book',40.0,84.333333,16.5,3.0
4.0,2.0,14,b'browse',1729775912714.0,3.912791,2.0,4.689655,2.242215,4.266436,8.038062,b'book',40.0,84.333333,16.5,3.0
5.0,2.0,14,b'browse',1729775914816.0,3.912791,2.0,4.689655,2.242215,4.266436,8.038062,b'book',40.0,84.333333,16.5,3.0
6.0,2.0,14,b'browse',1729775917347.0,3.912791,2.0,4.689655,2.242215,4.266436,8.038062,b'book',40.0,84.333333,16.5,3.0
7.0,2.0,14,b'browse',1729776161794.0,3.912791,2.0,4.689655,2.242215,4.266436,8.038062,b'book',40.0,84.333333,16.5,3.0
8.0,2.0,14,b'browse',1729776164470.0,3.912791,2.0,4.689655,2.242215,4.266436,8.038062,b'book',40.0,84.333333,16.5,3.0
9.0,2.0,14,b'browse',1729776165967.0,3.912791,1.0,4.689655,2.242215,4.266436,8.038062,b'book',40.0,84.333333,16.5,3.0
10.0,2.0,14,b'browse',1729776915739.0,3.912791,3.0,4.689655,2.242215,4.266436,8.038062,b'book',40.0,84.333333,16.5,3.0
11.0,2.0,14,b'browse',1729776921396.0,3.912791,5.0,4.689655,2.242215,4.266436,8.038062,b'book',40.0,84.333333,16.5,3.0
12.0,2.0,14,b'browse',1729776923936.0,3.912791,2.0,4.689655,2.242215,4.266436,8.038062,b'book',40.0,84.333333,16.5,3.0
13.0,2.0,14,b'browse',1729777213832.0,3.912791,4.0,4.689655,2.242215,4.266436,8.038062,b'book',40.0,84.333333,16.5,3.0
14.0,2.0,14,b'browse',1729777215826.0,3.912791,1.0,4.689655,2.242215,4.266436,8.038062,b'book',40.0,84.333333,16.5,3.0
15.0,2.0,14,b'browse',1729777222007.0,3.912791,6.0,4.689655,2.242215,4.266436,8.038062,b'book',40.0,84.333333,16.5,3.0
16.0,2.0,14,b'browse',1729778033618.0,3.912791,4.0,4.689655,2.242215,4.266436,8.038062,b'book',40.0,84.333333,16.5,3.0
17.0,2.0,14,b'browse',1729778558827.0,3.912791,5.0,4.689655,2.242215,4.266436,8.038062,b'book',40.0,84.333333,16.5,3.0
18.0,2.0,14,b'browse',1729778562787.0,3.912791,3.0,4.689655,2.242215,4.266436,8.038062,b'book',40.0,84.333333,16.5,3.0
19.0,2.0,14,b'browse',1729778811207.0,3.912791,4.0,8.0,2.242215,4.266436,8.038062,b'book',40.0,84.333333,16.5,3.0
20.0,2.0,14,b'browse',1729778815206.0,3.912791,3.0,7.0,2.242215,4.266436,8.038062,b'book',40.0,84.333333,16.5,3.0
21.0,2.0,14,b'browse',1729778817825.0,3.912791,2.0,4.689655,2.242215,4.266436,8.038062,b'book',40.0,84.333333,16.5,3.0
22.0,2.0,14,b'browse',1729778821022.0,3.912791,3.0,4.689655,2.242215,4.266436,8.038062,b'book',40.0,84.333333,16.5,3.0
23.0,2.0,14,b'browse',1729778860795.0,3.912791,3.0,8.0,2.242215,4.266436,8.038062,b'book',40.0,84.333333,16.5,3.0
24.0,2.0,14,b'browse',1729779161370.0,3.912791,4.0,4.689655,2.242215,4.266436,8.038062,b'book',20.0,84.333333,16.5,3.0
25.0,2.0,14,b'browse',1729779165067.0,3.912791,3.0,4.689655,2.242215,4.266436,8.038062,b'book',40.0,35.0,16.5,3.0
26.0,2.0,14,b'browse',1729779168027.0,3.912791,2.0,1.0,2.242215,4.266436,8.038062,b'book',40.0,84.333333,16.5,3.0
27.0,2.0,14,b'browse',1729779214899.0,3.912791,46.0,4.689655,2.242215,4.266436,8.038062,b'book',40.0,84.333333,16.5,3.0
28.0,2.0,14,b'browse',1729780360051.0,3.912791,4.0,7.0,1.0,3.0,9.0,b'book',20.0,84.333333,16.5,3.0
29.0,2.0,14,b'browse',1729780368723.0,3.912791,8.0,8.0,1.0,3.0,9.0,b'book',20.0,50.0,16.5,3.0
30.0,2.0,14,b'browse',1729780371316.0,3.912791,2.0,4.689655,1.0,3.0,9.0,b'book',40.0,84.333333,16.5,3.0
31.0,2.0,14,b'browse',1729780973369.0,3.912791,0.0,4.689655,1.0,3.0,9.0,b'books',40.0,84.333333,16.5,3.0
32.0,2.0,14,b'browse',1729780976005.0,3.912791,2.0,4.689655,1.0,3.0,9.0,b'book',40.0,84.333333,16.5,3.0
33.0,2.0,14,b'browse',1729780978889.0,3.912791,0.0,4.689655,1.0,3.0,9.0,b'book',40.0,84.333333,16.5,3.0
34.0,2.0,14,b'browse',1729781016422.0,3.912791,37.0,8.0,1.0,3.0,9.0,b'book',40.0,84.333333,16.5,3.0
35.0,2.0,14,b'browse',1729781023049.0,3.912791,6.0,4.689655,1.0,3.0,9.0,b'book',40.0,84.333333,16.5,3.0
36.0,2.0,14,b'browse',1729781024683.0,3.912791,1.0,4.689655,1.0,3.0,9.0,b'book',40.0,84.333333,16.5,3.0
37.0,2.0,14,b'browse',1729785111959.0,3.912791,1.0,4.689655,1.0,3.0,9.0,b'book',40.0,84.333333,16.5,3.0
38.0,2.0,14,b'browse',1729785142123.0,3.912791,1.0,4.689655,1.0,3.0,9.0,b'book',40.0,84.333333,16.5,3.0
39.0,2.0,14,b'browse',1729785150003.0,3.912791,1.0,4.689655,1.0,3.0,9.0,b'book',40.0,84.333333,16.5,3.0
40.0,2.0,14,b'browse',1729785396923.0,3.912791,0.0,4.689655,1.0,3.0,9.0,b'book',40.0,84.333333,16.5,3.0
41.0,2.0,2,b'browse',1729785399305.0,3.0,2.0,4.689655,1.0,3.0,9.0,b'book',40.0,84.333333,16.5,3.0
42.0,2.0,2,b'view',1729785399310.0,3.0,2.0,4.689655,1.0,3.0,9.0,b'book',40.0,84.333333,16.5,4.0
43.0,2.0,2,b'browse',1729785400074.0,3.0,0.0,4.689655,1.0,3.0,9.0,b'book',40.0,84.333333,16.5,3.0
44.0,2.0,2,b'view',1729785400082.0,3.0,0.0,4.689655,1.0,3.0,9.0,b'book',40.0,84.333333,16.5,4.0
45.0,2.0,14,b'browse',1729785476295.0,3.912791,1.0,4.689655,1.0,3.0,9.0,b'book',40.0,84.333333,16.5,3.0
46.0,2.0,4,b'browse',1729785480620.0,3.0,4.0,4.689655,1.0,3.0,9.0,b'book',40.0,84.333333,16.5,3.0
47.0,2.0,4,b'view',1729785480626.0,3.0,4.0,4.689655,1.0,3.0,9.0,b'book',40.0,84.333333,16.5,4.0
48.0,2.0,14,b'browse',1729785529392.0,3.912791,1.0,4.689655,1.0,3.0,9.0,b'book',40.0,84.333333,16.5,3.0
49.0,2.0,6,b'browse',1729785532563.0,1.0,3.0,4.689655,1.0,3.0,9.0,b'book',40.0,84.333333,16.5,3.0
50.0,2.0,6,b'view',1729785532572.0,1.0,3.0,4.689655,1.0,3.0,9.0,b'book',40.0,84.333333,16.5,4.0
51.0,2.0,6,b'browse',1729785534149.0,1.0,1.0,4.689655,1.0,3.0,9.0,b'book',40.0,84.333333,16.5,3.0
52.0,2.0,6,b'view',1729785534175.0,1.0,1.0,4.689655,1.0,3.0,9.0,b'book',40.0,84.333333,16.5,4.0
53.0,2.0,14,b'browse',1729785682183.0,3.912791,0.0,4.689655,1.0,3.0,9.0,b'book',40.0,84.333333,16.5,3.0
54.0,2.0,2,b'browse',1729785683364.0,3.0,1.0,4.689655,1.0,3.0,9.0,b'book',40.0,84.333333,16.5,3.0
55.0,2.0,2,b'view',1729785683370.0,3.0,1.0,4.689655,1.0,3.0,9.0,b'book',40.0,84.333333,16.5,4.0
56.0,2.0,14,b'browse',1729785743390.0,3.912791,0.0,4.689655,1.0,3.0,9.0,b'book',40.0,84.333333,16.5,3.0
57.0,2.0,2,b'browse',1729785744325.0,3.0,0.0,4.689655,1.0,3.0,9.0,b'book',40.0,84.333333,16.5,3.0
58.0,2.0,2,b'view',1729785744332.0,3.0,0.0,4.689655,1.0,3.0,9.0,b'book',40.0,84.333333,16.5,4.0
59.0,2.0,14,b'browse',1729786132445.0,3.912791,0.0,4.689655,1.0,3.0,9.0,b'book',40.0,84.333333,16.5,3.0
60.0,2.0,14,b'browse',1729786140653.0,3.912791,1.0,4.689655,1.0,3.0,9.0,b'book',40.0,84.333333,16.5,3.0
61.0,5.0,14,b'browse',1729786189261.0,3.912791,0.0,4.689655,2.242215,4.266436,8.038062,b'book',40.0,84.333333,16.5,3.0
62.0,5.0,14,b'browse',1729786200328.0,3.912791,3.0,4.689655,2.242215,4.266436,8.038062,b'book',40.0,84.333333,16.5,3.0
63.0,5.0,14,b'browse',1729786333971.0,3.912791,4.0,2.0,2.242215,4.266436,8.038062,b'book',40.0,84.333333,16.5,3.0
64.0,5.0,14,b'browse',1729786340052.0,3.912791,6.0,4.0,2.242215,4.266436,8.038062,b'book',10.0,84.333333,16.5,3.0
65.0,5.0,14,b'browse',1729786346857.0,3.912791,6.0,4.689655,2.242215,4.266436,8.038062,b'book',20.0,50.0,16.5,3.0
66.0,5.0,14,b'browse',1729786349245.0,3.912791,2.0,4.689655,2.242215,4.266436,8.038062,b'book',40.0,84.333333,16.5,3.0
67.0,5.0,14,b'browse',1729786398432.0,3.912791,0.0,4.689655,1.0,4.0,9.0,b'book',40.0,84.333333,16.5,3.0
68.0,2.0,14,b'browse',1729786414989.0,3.912791,0.0,4.689655,1.0,3.0,9.0,b'book',40.0,84.333333,16.5,3.0
69.0,2.0,14,b'browse',1729786482111.0,3.912791,0.0,4.689655,1.0,3.0,9.0,b'book',40.0,84.333333,16.5,3.0
70.0,2.0,14,b'browse',1729786517420.0,3.912791,0.0,4.689655,1.0,3.0,9.0,b'book',40.0,84.333333,16.5,3.0
71.0,2.0,14,b'browse',1729786559220.0,3.912791,38.0,4.689655,1.0,3.0,9.0,b'book',40.0,84.333333,16.5,3.0
72.0,2.0,14,b'browse',1729786559853.0,3.912791,0.0,4.689655,1.0,3.0,9.0,b'book',40.0,84.333333,16.5,3.0
73.0,2.0,14,b'browse',1729786560259.0,3.912791,0.0,4.689655,1.0,3.0,9.0,b'book',40.0,84.333333,16.5,3.0
74.0,2.0,14,b'browse',1729786560508.0,3.912791,0.0,4.689655,1.0,3.0,9.0,b'book',40.0,84.333333,16.5,3.0
75.0,2.0,14,b'browse',1729786621062.0,3.912791,60.0,4.689655,1.0,3.0,9.0,b'book',40.0,84.333333,16.5,3.0
76.0,2.0,14,b'browse',1729786650357.0,3.912791,3.0,4.689655,1.0,3.0,9.0,b'book',40.0,84.333333,16.5,3.0
77.0,2.0,14,b'browse',1729786659459.0,3.912791,1.0,4.689655,1.0,3.0,9.0,b'book',40.0,84.333333,16.5,3.0
78.0,2.0,14,b'browse',1729786736243.0,3.912791,0.0,4.689655,1.0,3.0,9.0,b'book',40.0,84.333333,16.5,3.0
79.0,5.0,14,b'browse',1729786793550.0,3.912791,0.0,4.689655,1.0,4.0,9.0,b'book',40.0,84.333333,16.5,3.0
80.0,5.0,2,b'browse',1729786794554.0,3.0,0.0,4.689655,1.0,4.0,9.0,b'book',40.0,84.333333,16.5,3.0
81.0,5.0,2,b'view',1729786794561.0,3.0,0.0,4.689655,1.0,4.0,9.0,b'book',40.0,84.333333,16.5,4.0
82.0,5.0,14,b'browse',1729787048015.0,3.912791,0.0,4.689655,1.0,4.0,9.0,b'book',40.0,84.333333,16.5,3.0
83.0,5.0,14,b'browse',1729787070125.0,3.912791,0.0,4.689655,1.0,4.0,9.0,b'book',40.0,84.333333,16.5,3.0
84.0,5.0,2,b'browse',1729787071605.0,3.0,1.0,4.689655,1.0,4.0,9.0,b'book',40.0,84.333333,16.5,3.0
85.0,5.0,2,b'view',1729787071611.0,3.0,1.0,4.689655,1.0,4.0,9.0,b'book',40.0,84.333333,16.5,4.0
86.0,5.0,14,b'browse',1729787940198.0,3.912791,0.0,4.689655,1.0,4.0,9.0,b'phone',40.0,84.333333,16.5,3.0
87.0,5.0,14,b'browse',1729787976074.0,3.912791,35.0,4.689655,1.0,4.0,9.0,b'book',40.0,84.333333,16.5,3.0
88.0,5.0,14,b'browse',1729787991832.0,3.912791,1.0,4.689655,1.0,4.0,9.0,b'book',40.0,84.333333,16.5,3.0
89.0,5.0,14,b'browse',1729788011450.0,3.912791,0.0,4.689655,1.0,4.0,9.0,b'book',40.0,84.333333,16.5,3.0
90.0,5.0,14,b'browse',1729788021789.0,3.912791,4.0,2.0,1.0,4.0,9.0,b'book',40.0,84.333333,16.5,3.0
91.0,5.0,14,b'browse',1729788024364.0,3.912791,2.0,4.0,1.0,4.0,9.0,b'book',40.0,84.333333,16.5,3.0
92.0,5.0,14,b'browse',1729788029013.0,3.912791,4.0,4.689655,1.0,4.0,9.0,b'book',40.0,100.0,16.5,3.0
93.0,5.0,14,b'browse',1729788032458.0,3.912791,3.0,4.689655,1.0,4.0,9.0,b'book',40.0,84.333333,16.5,3.0
94.0,5.0,14,b'browse',1729788034371.0,3.912791,1.0,4.689655,1.0,4.0,9.0,b'book',40.0,84.333333,16.5,3.0
95.0,5.0,14,b'browse',1729788096077.0,3.912791,0.0,4.689655,1.0,4.0,9.0,b'book',40.0,84.333333,16.5,3.0
96.0,5.0,3,b'browse',1729788100669.0,1.0,4.0,4.689655,1.0,4.0,9.0,b'book',40.0,84.333333,16.5,3.0
97.0,5.0,3,b'view',1729788100675.0,1.0,4.0,4.689655,1.0,4.0,9.0,b'book',40.0,84.333333,16.5,4.0
98.0,5.0,3,b'browse',1729788105377.0,1.0,9.0,4.689655,1.0,4.0,9.0,b'book',40.0,84.333333,16.5,3.0
99.0,5.0,3,b'view',1729788105384.0,1.0,9.0,4.689655,1.0,4.0,9.0,b'book',40.0,84.333333,16.5,4.0
100.0,5.0,3,b'browse',1729788109403.0,1.0,13.0,4.689655,1.0,4.0,9.0,b'book',40.0,84.333333,16.5,3.0
101.0,5.0,3,b'view',1729788109408.0,1.0,13.0,4.689655,1.0,4.0,9.0,b'book',40.0,84.333333,16.5,4.0
102.0,5.0,14,b'browse',1729790643437.0,3.912791,3.0,4.689655,1.0,4.0,9.0,b'book',40.0,84.333333,16.5,3.0
103.0,5.0,14,b'browse',1729790670995.0,3.912791,2.0,4.689655,1.0,4.0,9.0,b'book',40.0,84.333333,16.5,3.0
104.0,5.0,14,b'browse',1729790673813.0,3.912791,2.0,4.689655,1.0,4.0,9.0,b'book',40.0,84.333333,16.5,3.0
105.0,5.0,14,b'browse',1729790748639.0,3.912791,1.0,4.689655,1.0,4.0,9.0,b'book',40.0,84.333333,16.5,3.0
106.0,5.0,2,b'browse',1729790751030.0,3.0,2.0,4.689655,1.0,4.0,9.0,b'book',40.0,84.333333,16.5,3.0
107.0,5.0,2,b'view',1729790751034.0,3.0,2.0,4.689655,1.0,4.0,9.0,b'book',40.0,84.333333,16.5,4.0
108.0,5.0,2,b'browse',1729790752868.0,3.0,4.0,4.689655,1.0,4.0,9.0,b'book',40.0,84.333333,16.5,3.0
109.0,5.0,2,b'view',1729790752874.0,3.0,4.0,4.689655,1.0,4.0,9.0,b'book',40.0,84.333333,16.5,4.0
110.0,5.0,14,b'browse',1729790792435.0,3.912791,0.0,4.689655,1.0,4.0,9.0,b'book',40.0,84.333333,16.5,3.0
111.0,5.0,3,b'browse',1729790801598.0,1.0,4.0,4.689655,1.0,4.0,9.0,b'book',40.0,84.333333,16.5,3.0
112.0,5.0,3,b'view',1729790801604.0,1.0,4.0,4.689655,1.0,4.0,9.0,b'book',40.0,84.333333,16.5,4.0
113.0,5.0,14,b'browse',1729791297821.0,3.912791,0.0,4.689655,1.0,4.0,9.0,b'book',40.0,84.333333,16.5,3.0
114.0,5.0,2,b'view',1729791304987.0,3.0,7.0,4.689655,1.0,4.0,9.0,b'book',40.0,84.333333,16.5,4.0
115.0,5.0,2,b'view',1729791306601.0,3.0,1.0,4.689655,1.0,4.0,9.0,b'book',40.0,84.333333,16.5,4.0
116.0,5.0,14,b'browse',1729791424015.0,3.912791,2.0,4.689655,1.0,4.0,9.0,b'book',40.0,84.333333,16.5,3.0
117.0,5.0,14,b'browse',1729791435513.0,3.912791,0.0,4.689655,1.0,4.0,9.0,b'book',40.0,84.333333,16.5,3.0
118.0,5.0,14,b'browse',1729791456268.0,3.912791,4.0,4.689655,1.0,4.0,9.0,b'book',40.0,84.333333,16.5,3.0
119.0,5.0,14,b'browse',1729791475402.0,3.912791,0.0,4.689655,1.0,4.0,9.0,b'book',40.0,84.333333,16.5,3.0
120.0,5.0,4,b'view',1729791479732.0,3.0,4.0,4.689655,1.0,4.0,9.0,b'book',40.0,84.333333,16.5,4.0
121.0,5.0,4,b'view',1729791481188.0,3.0,5.0,4.689655,1.0,4.0,9.0,b'book',40.0,84.333333,16.5,4.0
122.0,5.0,4,b'view',1729791484743.0,3.0,9.0,4.689655,1.0,4.0,9.0,b'book',40.0,84.333333,16.5,4.0
123.0,5.0,4,b'view',1729791486872.0,3.0,11.0,4.689655,1.0,4.0,9.0,b'book',40.0,84.333333,16.5,4.0
124.0,5.0,14,b'browse',1729791503526.0,3.912791,14.0,4.689655,1.0,4.0,9.0,b'book',20.0,50.0,16.5,3.0
125.0,5.0,14,b'browse',1729791514405.0,3.912791,10.0,4.689655,1.0,4.0,9.0,b'book',20.0,50.0,16.5,3.0
126.0,5.0,14,b'browse',1729791517523.0,3.912791,3.0,4.689655,1.0,4.0,9.0,b'book',40.0,84.333333,16.5,3.0
127.0,3.0,14,b'search',1729791716149.0,3.912791,0.0,4.689655,3.0,4.0,6.0,b'tree',40.0,84.333333,16.5,3.610951008645533
128.0,3.0,14,b'browse',1729791721402.0,3.912791,5.0,4.689655,3.0,4.0,6.0,b'book',40.0,84.333333,16.5,3.0
129.0,3.0,14,b'browse',1729791742614.0,3.912791,3.0,4.689655,3.0,4.0,6.0,b'book',40.0,84.333333,16.5,3.0
130.0,3.0,14,b'browse',1729791743852.0,3.912791,1.0,4.689655,3.0,4.0,6.0,b'book',40.0,84.333333,16.5,3.0
131.0,3.0,14,b'browse',1729791864929.0,3.912791,1.0,4.689655,3.0,4.0,6.0,b'book',40.0,84.333333,16.5,3.0
132.0,3.0,2,b'view',1729791868356.0,3.0,3.0,4.689655,3.0,4.0,6.0,b'book',40.0,84.333333,16.5,4.0
133.0,3.0,2,b'view',1729791874240.0,3.0,9.0,4.689655,3.0,4.0,6.0,b'book',40.0,84.333333,16.5,4.0
134.0,3.0,2,b'view',1729791875579.0,3.0,10.0,4.689655,3.0,4.0,6.0,b'book',40.0,84.333333,16.5,4.0
135.0,3.0,14,b'browse',1729791879926.0,3.912791,0.0,4.689655,3.0,4.0,6.0,b'book',40.0,84.333333,16.5,3.0
136.0,3.0,4,b'view',1729791882237.0,3.0,2.0,4.689655,3.0,4.0,6.0,b'book',40.0,84.333333,16.5,4.0
137.0,3.0,4,b'view',1729791883867.0,3.0,3.0,4.689655,3.0,4.0,6.0,b'book',40.0,84.333333,16.5,4.0
138.0,3.0,14,b'browse',1729791895134.0,3.912791,1.0,4.689655,3.0,4.0,6.0,b'book',40.0,84.333333,16.5,3.0
139.0,3.0,14,b'browse',1729791896944.0,3.912791,1.0,4.689655,3.0,4.0,6.0,b'book',40.0,84.333333,16.5,3.0
140.0,3.0,9,b'view',1729791898417.0,3.0,1.0,4.689655,3.0,4.0,6.0,b'book',40.0,84.333333,16.5,4.0
141.0,3.0,9,b'view',1729791904476.0,3.0,7.0,4.689655,3.0,4.0,6.0,b'book',40.0,84.333333,16.5,4.0
142.0,3.0,14,b'browse',1729792183217.0,3.912791,1.0,4.689655,3.0,4.0,6.0,b'book',40.0,84.333333,16.5,3.0
143.0,3.0,3,b'view',1729792185809.0,1.0,2.0,4.689655,3.0,4.0,6.0,b'book',40.0,84.333333,16.5,4.0
144.0,3.0,3,b'view',1729792187423.0,1.0,4.0,4.689655,3.0,4.0,6.0,b'book',40.0,84.333333,16.5,4.0
145.0,3.0,3,b'view',1729792195515.0,1.0,7.0,4.689655,3.0,4.0,6.0,b'book',40.0,84.333333,16.5,4.0
146.0,3.0,3,b'view',1729792201804.0,1.0,13.0,4.689655,3.0,4.0,6.0,b'book',40.0,84.333333,16.5,4.0
147.0,3.0,3,b'view',1729792204852.0,1.0,16.0,4.689655,3.0,4.0,6.0,b'book',40.0,84.333333,16.5,4.0
148.0,5.0,14,b'browse',1729792774974.0,3.912791,0.0,4.689655,1.0,4.0,9.0,b'book',40.0,84.333333,16.5,3.0
149.0,5.0,3,b'view',1729792776294.0,1.0,1.0,4.689655,1.0,4.0,9.0,b'book',40.0,84.333333,16.5,4.0
150.0,5.0,3,b'add_to_cart',1729792776294.0,1.0,1.0,4.689655,1.0,4.0,9.0,b'book',40.0,84.333333,16.5,4.0
151.0,3.0,14,b'browse',1729793072189.0,3.912791,2.0,4.689655,3.0,4.0,6.0,b'book',40.0,84.333333,16.5,3.0
152.0,3.0,14,b'browse',1729793073499.0,3.912791,1.0,4.689655,3.0,4.0,6.0,b'book',40.0,84.333333,16.5,3.0
153.0,3.0,10,b'add_to_cart',1729793075619.0,6.0,2.0,4.689655,3.0,4.0,6.0,b'book',40.0,84.333333,16.5,4.0
154.0,3.0,10,b'view',1729793075619.0,6.0,2.0,4.689655,3.0,4.0,6.0,b'book',40.0,84.333333,16.5,4.0
155.0,3.0,14,b'browse',1729793218277.0,3.912791,1.0,4.689655,3.0,4.0,6.0,b'book',40.0,84.333333,16.5,3.0
156.0,3.0,4,b'view',1729793219819.0,3.0,1.0,4.689655,3.0,4.0,6.0,b'book',40.0,84.333333,16.5,4.0
157.0,3.0,4,b'add_to_cart',1729793220438.0,3.0,2.0,4.689655,3.0,4.0,6.0,b'book',40.0,84.333333,16.5,4.0
158.0,5.0,14,b'browse',1729794478906.0,3.912791,0.0,4.689655,1.0,4.0,9.0,b'book',40.0,84.333333,16.5,3.0
159.0,5.0,3,b'add_to_cart',1729794480043.0,1.0,3.652344,4.689655,1.0,4.0,9.0,b'book',40.0,84.333333,16.5,4.0
160.0,5.0,3,b'view',1729794482770.0,1.0,2.0,4.689655,1.0,4.0,9.0,b'book',40.0,84.333333,16.5,4.0
161.0,5.0,3,b'remove_from_cart',1729795630870.0,1.0,3.652344,4.689655,1.0,4.0,9.0,b'book',40.0,84.333333,16.5,0.0
162.0,5.0,7,b'remove_from_cart',1729795649889.0,7.0,3.652344,4.689655,1.0,4.0,9.0,b'book',40.0,84.333333,16.5,0.0
163.0,5.0,14,b'browse',1729795767222.0,3.912791,0.0,4.689655,1.0,4.0,9.0,b'book',40.0,84.333333,16.5,3.0
164.0,5.0,2,b'view',1729795769333.0,3.0,2.0,4.689655,1.0,4.0,9.0,b'book',40.0,84.333333,16.5,4.0
165.0,5.0,2,b'view',1729795771467.0,3.0,4.0,4.689655,1.0,4.0,9.0,b'book',40.0,84.333333,16.5,4.0
166.0,3.0,14,b'browse',1729795966086.0,3.912791,1.0,4.689655,3.0,4.0,6.0,b'book',40.0,84.333333,16.5,3.0
167.0,3.0,3,b'add_to_favorite',1729795967705.0,1.0,3.652344,4.689655,3.0,4.0,6.0,b'book',40.0,84.333333,16.5,5.0
168.0,3.0,3,b'remove_from_favorite',1729795970668.0,1.0,3.652344,4.689655,3.0,4.0,6.0,b'book',40.0,84.333333,16.5,0.0
169.0,3.0,13,b'remove_from_favorite',1729796132060.0,3.0,3.652344,4.689655,3.0,4.0,6.0,b'book',40.0,84.333333,16.5,0.0
170.0,3.0,14,b'browse',1729796134215.0,3.912791,0.0,4.689655,3.0,4.0,6.0,b'book',40.0,84.333333,16.5,3.0
171.0,3.0,2,b'add_to_cart',1729796137234.0,3.0,3.652344,4.689655,3.0,4.0,6.0,b'book',40.0,84.333333,16.5,4.0
172.0,3.0,2,b'remove_from_cart',1729796139952.0,3.0,3.652344,4.689655,3.0,4.0,6.0,b'book',40.0,84.333333,16.5,0.0
173.0,3.0,14,b'browse',1729796146211.0,3.912791,4.0,4.689655,3.0,4.0,6.0,b'book',40.0,20.0,16.5,3.0
174.0,3.0,14,b'browse',1729796149600.0,3.912791,3.0,4.689655,3.0,4.0,6.0,b'book',40.0,84.333333,16.5,3.0
175.0,3.0,14,b'search',1729826068579.0,3.912791,0.0,4.689655,3.0,4.0,6.0,b'chain',40.0,84.333333,16.5,3.610951008645533
176.0,3.0,14,b'browse',1729826072189.0,3.912791,3.0,4.689655,3.0,4.0,6.0,b'book',40.0,84.333333,16.5,3.0
177.0,3.0,14,b'browse',1729826075852.0,3.912791,3.0,4.689655,3.0,4.0,6.0,b'book',40.0,84.333333,16.5,3.0
178.0,3.0,3,b'add_to_cart',1729826078009.0,1.0,3.652344,4.689655,3.0,4.0,6.0,b'book',40.0,84.333333,16.5,4.0
179.0,3.0,14,b'browse',1729826085855.0,3.912791,2.0,4.689655,3.0,4.0,6.0,b'book',40.0,84.333333,16.5,3.0
180.0,3.0,14,b'browse',1729826092626.0,3.912791,6.0,4.689655,3.0,4.0,6.0,b'book',40.0,84.333333,16.5,3.0
181.0,3.0,11,b'view',1729826094432.0,8.0,1.0,4.689655,3.0,4.0,6.0,b'book',40.0,84.333333,16.5,4.0
182.0,3.0,11,b'add_to_favorite',1729826095934.0,8.0,3.652344,4.689655,3.0,4.0,6.0,b'book',40.0,84.333333,16.5,5.0
183.0,4.0,14,b'browse',1730040899171.0,3.912791,1.0,4.689655,2.242215,4.266436,8.038062,b'book',40.0,84.333333,16.5,3.0
184.0,4.0,14,b'browse',1730040900871.0,3.912791,1.0,4.689655,2.242215,4.266436,8.038062,b'book',40.0,84.333333,16.5,3.0
185.0,4.0,14,b'browse',1730040902273.0,3.912791,1.0,4.689655,2.242215,4.266436,8.038062,b'book',40.0,84.333333,16.5,3.0
186.0,4.0,14,b'browse',1730040903215.0,3.912791,0.0,4.689655,2.242215,4.266436,8.038062,b'book',40.0,84.333333,16.5,3.0
187.0,4.0,14,b'browse',1730040905922.0,3.912791,2.0,4.689655,2.242215,4.266436,8.038062,b'book',40.0,84.333333,16.5,3.0
188.0,4.0,14,b'browse',1730040906566.0,3.912791,0.0,4.689655,2.242215,4.266436,8.038062,b'book',40.0,84.333333,16.5,3.0
189.0,4.0,14,b'browse',1730040907162.0,3.912791,0.0,4.689655,2.242215,4.266436,8.038062,b'book',40.0,84.333333,16.5,3.0
190.0,4.0,14,b'browse',1730040907742.0,3.912791,0.0,4.689655,2.242215,4.266436,8.038062,b'book',40.0,84.333333,16.5,3.0
191.0,5.0,14,b'browse',1730041074449.0,3.912791,6.0,4.689655,1.0,4.0,9.0,b'book',40.0,84.333333,16.5,3.0
192.0,5.0,14,b'browse',1730041077354.0,3.912791,2.0,4.689655,1.0,4.0,9.0,b'book',40.0,84.333333,16.5,3.0
193.0,5.0,14,b'browse',1730041079069.0,3.912791,1.0,4.689655,1.0,4.0,9.0,b'book',40.0,84.333333,16.5,3.0
194.0,5.0,12,b'view',1730041405764.0,8.0,1.0,4.689655,1.0,4.0,9.0,b'book',40.0,84.333333,16.5,4.0
195.0,5.0,14,b'browse',1730041911783.0,3.912791,2.0,4.689655,1.0,4.0,9.0,b'book',40.0,84.333333,16.5,3.0
196.0,5.0,14,b'browse',1730041971143.0,3.912791,59.0,4.689655,1.0,4.0,9.0,b'book',40.0,20.0,16.5,3.0
197.0,5.0,14,b'browse',1730042163089.0,3.912791,2.0,4.689655,1.0,4.0,9.0,b'book',40.0,84.333333,16.5,3.0
198.0,5.0,14,b'browse',1730042424130.0,3.912791,2.0,6.0,1.0,4.0,9.0,b'book',40.0,84.333333,16.5,3.0
199.0,5.0,14,b'browse',1730042441340.0,3.912791,17.0,4.0,1.0,4.0,9.0,b'book',40.0,84.333333,16.5,3.0
200.0,5.0,23,b'add_to_favorite',1730042460208.0,4.0,3.652344,4.689655,1.0,4.0,9.0,b'book',40.0,84.333333,16.5,5.0
201.0,5.0,23,b'add_to_cart',1730042462976.0,4.0,3.652344,4.689655,1.0,4.0,9.0,b'book',40.0,84.333333,16.5,4.0
202.0,2.0,1,b'remove_from_cart',1730043156331.0,7.0,3.652344,4.689655,1.0,3.0,9.0,b'book',40.0,84.333333,16.5,0.0
203.0,2.0,2,b'remove_from_cart',1730043156852.0,3.0,3.652344,4.689655,1.0,3.0,9.0,b'book',40.0,84.333333,16.5,0.0
204.0,2.0,14,b'add_to_preferred_categories',1730043176416.0,3.912791,3.652344,1.0,1.0,5.0,9.0,b'book',40.0,84.333333,16.5,3.610951008645533
205.0,2.0,30,b'add_to_cart',1730044594809.0,6.0,3.652344,4.689655,1.0,5.0,9.0,b'book',40.0,84.333333,16.5,4.0
206.0,5.0,34,b'add_to_cart',1730044871569.0,7.0,3.652344,4.689655,3.0,4.0,8.0,b'book',40.0,84.333333,16.5,4.0
207.0,5.0,11,b'add_to_cart',1730044887897.0,8.0,3.652344,4.689655,3.0,4.0,8.0,b'book',40.0,84.333333,16.5,4.0
208.0,5.0,14,b'completed_checkout',1730044893423.0,3.912791,3.652344,4.689655,3.0,4.0,8.0,b'book',40.0,84.333333,6.0,7.0
209.0,7.0,14,b'browse',1730044988352.0,3.912791,7.0,2.0,2.242215,4.266436,8.038062,b'book',40.0,300.0,16.5,3.0
210.0,7.0,17,b'add_to_cart',1730044994541.0,2.0,3.652344,4.689655,2.242215,4.266436,8.038062,b'book',40.0,84.333333,16.5,4.0
211.0,7.0,17,b'add_to_favorite',1730044995710.0,2.0,3.652344,4.689655,2.242215,4.266436,8.038062,b'book',40.0,84.333333,16.5,5.0
212.0,7.0,20,b'add_to_favorite',1730045010257.0,3.0,3.652344,4.689655,2.242215,4.266436,8.038062,b'book',40.0,84.333333,16.5,5.0
213.0,7.0,14,b'browse',1730045017951.0,3.912791,3.0,4.689655,2.242215,4.266436,8.038062,b'book',30.0,84.333333,16.5,3.0
214.0,7.0,14,b'browse',1730045021505.0,3.912791,3.0,5.0,2.242215,4.266436,8.038062,b'book',40.0,84.333333,16.5,3.0
215.0,7.0,15,b'add_to_cart',1730045026571.0,1.0,3.652344,4.689655,2.242215,4.266436,8.038062,b'book',40.0,84.333333,16.5,4.0
216.0,7.0,14,b'completed_checkout',1730045032520.0,3.912791,3.652344,4.689655,2.242215,4.266436,8.038062,b'book',40.0,84.333333,7.0,7.0
217.0,7.0,14,b'add_to_preferred_categories',1730045060154.0,3.912791,3.652344,4.689655,1.0,2.0,7.0,b'book',40.0,84.333333,16.5,3.610951008645533
218.0,7.0,18,b'add_to_favorite',1730045071466.0,2.0,3.652344,4.689655,1.0,2.0,7.0,b'book',40.0,84.333333,16.5,5.0
219.0,7.0,18,b'add_to_cart',1730045073815.0,2.0,3.652344,4.689655,2.242215,4.266436,8.038062,b'book',40.0,84.333333,16.5,4.0
220.0,7.0,14,b'completed_checkout',1730045094174.0,3.912791,3.652344,4.689655,1.0,2.0,7.0,b'book',40.0,84.333333,8.0,7.0
221.0,7.0,8,b'add_to_cart',1730045135558.0,4.0,3.652344,4.689655,2.242215,4.266436,8.038062,b'book',40.0,84.333333,16.5,4.0
222.0,7.0,8,b'view',1730045137672.0,4.0,2.0,4.689655,1.0,2.0,7.0,b'book',40.0,84.333333,16.5,4.0
223.0,7.0,8,b'add_to_favorite',1730045216091.0,4.0,3.652344,4.689655,1.0,2.0,7.0,b'book',40.0,84.333333,16.5,5.0
224.0,7.0,8,b'remove_from_favorite',1730045225723.0,4.0,3.652344,4.689655,1.0,2.0,7.0,b'book',40.0,84.333333,16.5,0.0
225.0,7.0,14,b'browse',1730045349327.0,3.912791,2.0,1.0,1.0,2.0,7.0,b'book',40.0,84.333333,16.5,3.0
226.0,7.0,14,b'browse',1730045352922.0,3.912791,3.0,2.0,1.0,2.0,7.0,b'book',40.0,84.333333,16.5,3.0
227.0,7.0,14,b'browse',1730045355128.0,3.912791,2.0,4.0,1.0,2.0,7.0,b'book',40.0,84.333333,16.5,3.0
228.0,7.0,14,b'browse',1730045358170.0,3.912791,2.0,5.0,1.0,2.0,7.0,b'book',40.0,84.333333,16.5,3.0
229.0,7.0,14,b'browse',1730045362567.0,3.912791,4.0,8.0,1.0,2.0,7.0,b'book',20.0,84.333333,16.5,3.0
230.0,7.0,14,b'completed_checkout',1730045367520.0,3.912791,3.652344,4.689655,1.0,2.0,7.0,b'book',40.0,84.333333,9.0,7.0
231.0,7.0,14,b'search',1730045395296.0,3.912791,0.0,4.689655,1.0,2.0,7.0,b'home',40.0,84.333333,16.5,3.610951008645533
232.0,7.0,14,b'search',1730045412483.0,3.912791,0.0,4.689655,1.0,2.0,7.0,b'phone',40.0,84.333333,16.5,3.610951008645533
233.0,7.0,14,b'search',1730045422297.0,3.912791,0.0,4.689655,1.0,2.0,7.0,b'laptop',40.0,84.333333,16.5,3.610951008645533
234.0,7.0,33,b'add_to_cart',1730045427474.0,7.0,3.652344,4.689655,2.242215,4.266436,8.038062,b'book',40.0,84.333333,16.5,4.0
235.0,7.0,33,b'add_to_favorite',1730045428458.0,7.0,3.652344,4.689655,1.0,2.0,7.0,b'book',40.0,84.333333,16.5,5.0
236.0,8.0,14,b'add_to_preferred_categories',1730045475746.0,3.912791,3.652344,4.689655,4.0,5.0,6.0,b'book',40.0,84.333333,16.5,3.610951008645533
237.0,8.0,14,b'search',1730045484772.0,3.912791,0.0,4.689655,4.0,5.0,6.0,b'beauty',40.0,84.333333,16.5,3.610951008645533
238.0,8.0,5,b'add_to_cart',1730045487099.0,6.0,3.652344,4.689655,2.242215,4.266436,8.038062,b'book',40.0,84.333333,16.5,4.0
239.0,8.0,5,b'add_to_favorite',1730045488295.0,6.0,3.652344,4.689655,4.0,5.0,6.0,b'book',40.0,84.333333,16.5,5.0
240.0,8.0,14,b'completed_checkout',1730045493193.0,3.912791,3.652344,4.689655,4.0,5.0,6.0,b'book',40.0,84.333333,10.0,7.0
241.0,8.0,14,b'search',1730045502069.0,3.912791,0.0,4.689655,4.0,5.0,6.0,b'ball',40.0,84.333333,16.5,3.610951008645533
242.0,8.0,26,b'add_to_cart',1730045505233.0,5.0,3.652344,4.689655,2.242215,4.266436,8.038062,b'book',40.0,84.333333,16.5,4.0
243.0,8.0,26,b'add_to_favorite',1730045511164.0,5.0,3.652344,4.689655,4.0,5.0,6.0,b'book',40.0,84.333333,16.5,5.0
244.0,8.0,40,b'add_to_cart',1730045545059.0,9.0,3.652344,4.689655,2.242215,4.266436,8.038062,b'book',40.0,84.333333,16.5,4.0
245.0,8.0,14,b'completed_checkout',1730045548967.0,3.912791,3.652344,4.689655,4.0,5.0,6.0,b'book',40.0,84.333333,11.0,7.0
246.0,8.0,14,b'browse',1730045592050.0,3.912791,8.0,4.689655,4.0,5.0,6.0,b'book',20.0,300.0,16.5,3.0
247.0,8.0,14,b'browse',1730045600252.0,3.912791,8.0,4.689655,4.0,5.0,6.0,b'book',100.0,150.0,16.5,3.0
248.0,8.0,20,b'add_to_cart',1730045603280.0,3.0,3.652344,4.689655,2.242215,4.266436,8.038062,b'book',40.0,84.333333,16.5,4.0
249.0,8.0,14,b'browse',1730045610126.0,3.912791,5.0,8.0,4.0,5.0,6.0,b'book',50.0,84.333333,16.5,3.0
250.0,8.0,14,b'browse',1730045613589.0,3.912791,3.0,4.689655,4.0,5.0,6.0,b'book',40.0,50.0,16.5,3.0
251.0,8.0,14,b'browse',1730045618801.0,3.912791,5.0,8.0,4.0,5.0,6.0,b'book',40.0,50.0,16.5,3.0
252.0,8.0,37,b'add_to_cart',1730045624515.0,8.0,3.652344,4.689655,2.242215,4.266436,8.038062,b'book',40.0,84.333333,16.5,4.0
253.0,8.0,37,b'add_to_favorite',1730045625405.0,8.0,3.652344,4.689655,4.0,5.0,6.0,b'book',40.0,84.333333,16.5,5.0
254.0,8.0,14,b'browse',1730045629932.0,3.912791,2.0,1.0,4.0,5.0,6.0,b'book',40.0,84.333333,16.5,3.0
255.0,8.0,15,b'add_to_cart',1730045632378.0,1.0,3.652344,4.689655,2.242215,4.266436,8.038062,b'book',40.0,84.333333,16.5,4.0
256.0,8.0,14,b'completed_checkout',1730045643053.0,3.912791,3.652344,4.689655,4.0,5.0,6.0,b'book',40.0,84.333333,12.0,7.0
257.0,9.0,14,b'browse',1730045743132.0,3.912791,3.0,6.0,2.242215,4.266436,8.038062,b'book',40.0,84.333333,16.5,3.0
258.0,9.0,14,b'add_to_preferred_categories',1730045748422.0,3.912791,3.652344,4.689655,3.0,6.0,7.0,b'book',40.0,84.333333,16.5,3.610951008645533
259.0,9.0,14,b'add_to_preferred_categories',1730045753201.0,3.912791,3.652344,4.689655,3.0,7.0,9.0,b'book',40.0,84.333333,16.5,3.610951008645533
260.0,9.0,7,b'add_to_cart',1730045757442.0,7.0,3.652344,4.689655,2.242215,4.266436,8.038062,b'book',40.0,84.333333,16.5,4.0
261.0,9.0,7,b'add_to_favorite',1730045758222.0,7.0,3.652344,4.689655,3.0,7.0,9.0,b'book',40.0,84.333333,16.5,5.0
262.0,9.0,14,b'completed_checkout',1730045763138.0,3.912791,3.652344,4.689655,3.0,7.0,9.0,b'book',40.0,84.333333,13.0,7.0
263.0,9.0,9,b'add_to_cart',1730045770804.0,3.0,3.652344,4.689655,2.242215,4.266436,8.038062,b'book',40.0,84.333333,16.5,4.0
264.0,9.0,10,b'add_to_favorite',1730045780349.0,6.0,3.652344,4.689655,3.0,7.0,9.0,b'book',40.0,84.333333,16.5,5.0
265.0,9.0,10,b'add_to_cart',1730045780691.0,6.0,3.652344,4.689655,2.242215,4.266436,8.038062,b'book',40.0,84.333333,16.5,4.0
266.0,9.0,14,b'completed_checkout',1730045784001.0,3.912791,3.652344,4.689655,3.0,7.0,9.0,b'book',40.0,84.333333,14.0,7.0
267.0,9.0,14,b'browse',1730045790506.0,3.912791,4.0,4.689655,3.0,7.0,9.0,b'book',40.0,20.0,16.5,3.0
268.0,9.0,21,b'view',1730045795832.0,3.0,3.0,4.689655,3.0,7.0,9.0,b'book',40.0,84.333333,16.5,4.0
269.0,9.0,21,b'add_to_favorite',1730045797985.0,3.0,3.652344,4.689655,3.0,7.0,9.0,b'book',40.0,84.333333,16.5,5.0
270.0,9.0,21,b'add_to_cart',1730045798731.0,3.0,3.652344,4.689655,2.242215,4.266436,8.038062,b'book',40.0,84.333333,16.5,4.0
271.0,9.0,14,b'search',1730045807065.0,3.912791,0.0,4.689655,3.0,7.0,9.0,b'garden',40.0,84.333333,16.5,3.610951008645533
272.0,9.0,14,b'search',1730045816148.0,3.912791,0.0,4.689655,3.0,7.0,9.0,b'shirt',40.0,84.333333,16.5,3.610951008645533
273.0,9.0,14,b'search',1730045822519.0,3.912791,0.0,4.689655,3.0,7.0,9.0,b'jean',40.0,84.333333,16.5,3.610951008645533
274.0,9.0,15,b'add_to_cart',1730045824324.0,1.0,3.652344,4.689655,2.242215,4.266436,8.038062,b'book',40.0,84.333333,16.5,4.0
275.0,9.0,15,b'add_to_favorite',1730045825091.0,1.0,3.652344,4.689655,3.0,7.0,9.0,b'book',40.0,84.333333,16.5,5.0
276.0,9.0,14,b'completed_checkout',1730045828095.0,3.912791,3.652344,4.689655,3.0,7.0,9.0,b'book',40.0,84.333333,15.0,7.0
277.0,9.0,2,b'add_to_cart',1730045849734.0,3.0,3.652344,4.689655,2.242215,4.266436,8.038062,b'book',40.0,84.333333,16.5,4.0
278.0,9.0,39,b'add_to_cart',1730045854242.0,9.0,3.652344,4.689655,2.242215,4.266436,8.038062,b'book',40.0,84.333333,16.5,4.0
279.0,9.0,39,b'add_to_favorite',1730045855281.0,9.0,3.652344,4.689655,3.0,7.0,9.0,b'book',40.0,84.333333,16.5,5.0
280.0,9.0,14,b'completed_checkout',1730045858494.0,3.912791,3.652344,4.689655,3.0,7.0,9.0,b'book',40.0,84.333333,16.0,7.0
281.0,9.0,7,b'remove_from_favorite',1730045872036.0,7.0,3.652344,4.689655,3.0,7.0,9.0,b'book',40.0,84.333333,16.5,0.0
282.0,9.0,10,b'remove_from_favorite',1730045872548.0,6.0,3.652344,4.689655,3.0,7.0,9.0,b'book',40.0,84.333333,16.5,0.0
283.0,10.0,14,b'search',1730045940808.0,3.912791,0.0,4.689655,2.242215,4.266436,8.038062,b'book',40.0,84.333333,16.5,3.610951008645533
284.0,10.0,36,b'add_to_cart',1730045943771.0,8.0,3.652344,4.689655,2.242215,4.266436,8.038062,b'book',40.0,84.333333,16.5,4.0
285.0,10.0,36,b'add_to_favorite',1730045944190.0,8.0,3.652344,4.689655,2.242215,4.266436,8.038062,b'book',40.0,84.333333,16.5,5.0
286.0,10.0,14,b'add_to_preferred_categories',1730045950809.0,3.912791,3.652344,4.689655,7.0,8.0,9.0,b'book',40.0,84.333333,16.5,3.610951008645533
287.0,10.0,36,b'add_to_cart',1730045954698.0,8.0,3.652344,4.689655,2.242215,4.266436,8.038062,b'book',40.0,84.333333,16.5,4.0
288.0,10.0,14,b'completed_checkout',1730045958367.0,3.912791,3.652344,4.689655,7.0,8.0,9.0,b'book',40.0,84.333333,17.0,7.0
289.0,10.0,14,b'browse',1730045966384.0,3.912791,3.0,7.0,7.0,8.0,9.0,b'book',40.0,84.333333,16.5,3.0
290.0,10.0,34,b'add_to_favorite',1730045970674.0,7.0,3.652344,4.689655,7.0,8.0,9.0,b'book',40.0,84.333333,16.5,5.0
291.0,10.0,34,b'add_to_cart',1730045971032.0,7.0,3.652344,4.689655,2.242215,4.266436,8.038062,b'book',40.0,84.333333,16.5,4.0
292.0,10.0,14,b'completed_checkout',1730045975142.0,3.912791,3.652344,4.689655,7.0,8.0,9.0,b'book',40.0,84.333333,18.0,7.0
293.0,10.0,38,b'add_to_cart',1730045981787.0,9.0,3.652344,4.689655,2.242215,4.266436,8.038062,b'book',40.0,84.333333,16.5,4.0
294.0,10.0,14,b'completed_checkout',1730045985055.0,3.912791,3.652344,4.689655,7.0,8.0,9.0,b'book',40.0,84.333333,19.0,7.0
295.0,10.0,35,b'add_to_cart',1730045993120.0,8.0,3.652344,4.689655,2.242215,4.266436,8.038062,b'book',40.0,84.333333,16.5,4.0
296.0,10.0,37,b'view',1730046001720.0,8.0,1.0,4.689655,7.0,8.0,9.0,b'book',40.0,84.333333,16.5,4.0
297.0,10.0,37,b'view',1730046003244.0,8.0,3.0,4.689655,7.0,8.0,9.0,b'book',40.0,84.333333,16.5,4.0
298.0,10.0,37,b'view',1730046005234.0,8.0,5.0,4.689655,7.0,8.0,9.0,b'book',40.0,84.333333,16.5,4.0
299.0,10.0,37,b'view',1730046007573.0,8.0,7.0,4.689655,7.0,8.0,9.0,b'book',40.0,84.333333,16.5,4.0
300.0,10.0,37,b'add_to_cart',1730046011369.0,8.0,3.652344,4.689655,2.242215,4.266436,8.038062,b'book',40.0,84.333333,16.5,4.0
301.0,10.0,37,b'view',1730046016780.0,8.0,5.0,4.689655,7.0,8.0,9.0,b'book',40.0,84.333333,16.5,4.0
302.0,10.0,37,b'view',1730046021243.0,8.0,9.0,4.689655,7.0,8.0,9.0,b'book',40.0,84.333333,16.5,4.0
303.0,10.0,3,b'view',1730046031447.0,1.0,3.0,4.689655,7.0,8.0,9.0,b'book',40.0,84.333333,16.5,4.0
304.0,10.0,14,b'completed_checkout',1730046037904.0,3.912791,3.652344,4.689655,7.0,8.0,9.0,b'book',40.0,84.333333,20.0,7.0
305.0,10.0,39,b'view',1730046044710.0,9.0,1.0,4.689655,7.0,8.0,9.0,b'book',40.0,84.333333,16.5,4.0
306.0,10.0,16,b'view',1730046061393.0,1.0,2.0,4.689655,7.0,8.0,9.0,b'book',40.0,84.333333,16.5,4.0
307.0,10.0,16,b'add_to_favorite',1730046064201.0,1.0,3.652344,4.689655,7.0,8.0,9.0,b'book',40.0,84.333333,16.5,5.0
308.0,10.0,16,b'add_to_cart',1730046065128.0,1.0,3.652344,4.689655,2.242215,4.266436,8.038062,b'book',40.0,84.333333,16.5,4.0
309.0,10.0,17,b'view',1730046074204.0,2.0,3.0,4.689655,7.0,8.0,9.0,b'book',40.0,84.333333,16.5,4.0
310.0,10.0,17,b'add_to_cart',1730046075909.0,2.0,3.652344,4.689655,2.242215,4.266436,8.038062,b'book',40.0,84.333333,16.5,4.0
311.0,10.0,19,b'view',1730046087046.0,2.0,2.0,4.689655,7.0,8.0,9.0,b'book',40.0,84.333333,16.5,4.0
312.0,10.0,19,b'add_to_favorite',1730046088254.0,2.0,3.652344,4.689655,7.0,8.0,9.0,b'book',40.0,84.333333,16.5,5.0
313.0,10.0,19,b'add_to_cart',1730046093070.0,2.0,3.652344,4.689655,2.242215,4.266436,8.038062,b'book',40.0,84.333333,16.5,4.0
314.0,10.0,19,b'view',1730046095019.0,2.0,1.0,4.689655,7.0,8.0,9.0,b'book',40.0,84.333333,16.5,4.0
315.0,10.0,14,b'completed_checkout',1730046098862.0,3.912791,3.652344,4.689655,7.0,8.0,9.0,b'book',40.0,84.333333,21.0,7.0
316.0,11.0,14,b'add_to_preferred_categories',1730046187725.0,3.912791,3.652344,4.689655,2.0,4.0,8.0,b'book',40.0,84.333333,16.5,3.610951008645533
317.0,11.0,14,b'search',1730046195862.0,3.912791,0.0,4.689655,2.0,4.0,8.0,b'kitchen',40.0,84.333333,16.5,3.610951008645533
318.0,11.0,14,b'browse',1730046198368.0,3.912791,2.0,4.0,2.0,4.0,8.0,b'book',40.0,84.333333,16.5,3.0
319.0,11.0,23,b'add_to_cart',1730046200878.0,4.0,3.652344,4.689655,2.242215,4.266436,8.038062,b'book',40.0,84.333333,16.5,4.0
320.0,11.0,14,b'search',1730046207302.0,3.912791,0.0,4.689655,2.0,4.0,8.0,b'blender',40.0,84.333333,16.5,3.610951008645533
321.0,11.0,14,b'browse',1730046213085.0,3.912791,5.0,4.689655,2.0,4.0,8.0,b'book',40.0,20.0,16.5,3.0
322.0,11.0,14,b'browse',1730046220299.0,3.912791,7.0,4.689655,2.0,4.0,8.0,b'book',60.0,84.333333,16.5,3.0
323.0,11.0,19,b'add_to_cart',1730046223186.0,2.0,3.652344,4.689655,2.242215,4.266436,8.038062,b'book',40.0,84.333333,16.5,4.0
324.0,11.0,19,b'view',1730046226119.0,2.0,2.0,4.689655,2.0,4.0,8.0,b'book',40.0,84.333333,16.5,4.0
325.0,11.0,14,b'browse',1730046233369.0,3.912791,4.0,4.689655,2.0,4.0,8.0,b'book',90.0,84.333333,16.5,3.0
326.0,11.0,30,b'view',1730046236711.0,6.0,1.0,4.689655,2.0,4.0,8.0,b'book',40.0,84.333333,16.5,4.0
327.0,11.0,30,b'add_to_cart',1730046238587.0,6.0,3.652344,4.689655,2.242215,4.266436,8.038062,b'book',40.0,84.333333,16.5,4.0
328.0,11.0,14,b'browse',1730046245330.0,3.912791,4.0,4.689655,2.0,4.0,8.0,b'book',120.0,84.333333,16.5,3.0
329.0,11.0,13,b'view',1730046249901.0,3.0,2.0,4.689655,2.0,4.0,8.0,b'book',40.0,84.333333,16.5,4.0
330.0,11.0,13,b'add_to_favorite',1730046253475.0,3.0,3.652344,4.689655,2.0,4.0,8.0,b'book',40.0,84.333333,16.5,5.0
331.0,11.0,14,b'completed_checkout',1730046259970.0,3.912791,3.652344,4.689655,2.0,4.0,8.0,b'book',40.0,84.333333,22.0,7.0
332.0,11.0,14,b'view',1730046273071.0,1.0,2.0,4.689655,2.0,4.0,8.0,b'book',40.0,84.333333,16.5,4.0
333.0,11.0,14,b'add_to_cart',1730046274168.0,1.0,3.652344,4.689655,2.242215,4.266436,8.038062,b'book',40.0,84.333333,16.5,4.0
334.0,11.0,14,b'completed_checkout',1730046277232.0,3.912791,3.652344,4.689655,2.0,4.0,8.0,b'book',40.0,84.333333,23.0,7.0
335.0,11.0,22,b'view',1730046286232.0,3.0,1.0,4.689655,2.0,4.0,8.0,b'book',40.0,84.333333,16.5,4.0
336.0,7.0,22,b'view',1730046303168.0,3.0,2.0,4.689655,1.0,2.0,7.0,b'book',40.0,84.333333,16.5,4.0
337.0,7.0,21,b'view',1730046310665.0,3.0,1.0,4.689655,1.0,2.0,7.0,b'book',40.0,84.333333,16.5,4.0
338.0,7.0,31,b'view',1730046317387.0,6.0,2.0,4.689655,1.0,2.0,7.0,b'book',40.0,84.333333,16.5,4.0
339.0,7.0,31,b'add_to_cart',1730046320176.0,6.0,3.652344,4.689655,1.0,2.0,7.0,b'book',40.0,84.333333,16.5,4.0
340.0,7.0,24,b'view',1730046327246.0,4.0,1.0,4.689655,1.0,2.0,7.0,b'book',40.0,84.333333,16.5,4.0
341.0,7.0,24,b'view',1730046328741.0,4.0,3.0,4.689655,1.0,2.0,7.0,b'book',40.0,84.333333,16.5,4.0
342.0,7.0,24,b'add_to_favorite',1730046332233.0,4.0,3.652344,4.689655,1.0,2.0,7.0,b'book',40.0,84.333333,16.5,5.0
343.0,7.0,14,b'completed_checkout',1730046336277.0,3.912791,3.652344,4.689655,1.0,2.0,7.0,b'book',40.0,84.333333,24.0,7.0
344.0,7.0,40,b'view',1730046348197.0,9.0,2.0,4.689655,1.0,2.0,7.0,b'book',40.0,84.333333,16.5,4.0
345.0,7.0,14,b'browse',1730046356248.0,3.912791,3.0,4.689655,1.0,2.0,7.0,b'book',20.0,84.333333,16.5,3.0
346.0,7.0,14,b'browse',1730046359230.0,3.912791,2.0,2.0,1.0,2.0,7.0,b'book',40.0,84.333333,16.5,3.0
347.0,7.0,10,b'view',1730046363213.0,6.0,1.0,4.689655,1.0,2.0,7.0,b'book',40.0,84.333333,16.5,4.0
348.0,7.0,14,b'search',1730046371015.0,3.912791,0.0,4.689655,1.0,2.0,7.0,b'breas',40.0,84.333333,16.5,3.610951008645533
349.0,7.0,10,b'add_to_cart',1730046374817.0,6.0,3.652344,4.689655,1.0,2.0,7.0,b'book',40.0,84.333333,16.5,4.0
350.0,7.0,14,b'completed_checkout',1730046380203.0,3.912791,3.652344,4.689655,1.0,2.0,7.0,b'book',40.0,84.333333,25.0,7.0
351.0,5.0,35,b'add_to_favorite',1730046424973.0,8.0,3.652344,4.689655,3.0,4.0,8.0,b'book',40.0,84.333333,16.5,5.0
352.0,5.0,36,b'add_to_favorite',1730046430925.0,8.0,3.652344,4.689655,3.0,4.0,8.0,b'book',40.0,84.333333,16.5,5.0
353.0,5.0,34,b'add_to_favorite',1730046440964.0,7.0,3.652344,4.689655,3.0,4.0,8.0,b'book',40.0,84.333333,16.5,5.0
354.0,5.0,8,b'remove_from_favorite',1730046448392.0,4.0,3.652344,4.689655,3.0,4.0,8.0,b'book',40.0,84.333333,16.5,0.0
355.0,5.0,9,b'remove_from_favorite',1730046448755.0,3.0,3.652344,4.689655,3.0,4.0,8.0,b'book',40.0,84.333333,16.5,0.0
356.0,5.0,23,b'remove_from_favorite',1730046449100.0,4.0,3.652344,4.689655,3.0,4.0,8.0,b'book',40.0,84.333333,16.5,0.0
357.0,5.0,35,b'remove_from_favorite',1730046449460.0,8.0,3.652344,4.689655,3.0,4.0,8.0,b'book',40.0,84.333333,16.5,0.0
358.0,5.0,36,b'remove_from_favorite',1730046449991.0,8.0,3.652344,4.689655,3.0,4.0,8.0,b'book',40.0,84.333333,16.5,0.0
359.0,5.0,14,b'add_to_preferred_categories',1730046459169.0,3.912791,3.652344,4.689655,2.0,6.0,8.0,b'book',40.0,84.333333,16.5,3.610951008645533
360.0,5.0,6,b'view',1730046466402.0,1.0,3.0,4.689655,2.0,6.0,8.0,b'book',40.0,84.333333,16.5,4.0
361.0,5.0,3,b'view',1730046472275.0,1.0,2.0,4.689655,2.0,6.0,8.0,b'book',40.0,84.333333,16.5,4.0
362.0,5.0,3,b'add_to_favorite',1730046473814.0,1.0,3.652344,4.689655,2.0,6.0,8.0,b'book',40.0,84.333333,16.5,5.0
363.0,5.0,3,b'view',1730046476075.0,1.0,2.0,4.689655,2.0,6.0,8.0,b'book',40.0,84.333333,16.5,4.0
364.0,5.0,34,b'add_to_cart',1730046485221.0,7.0,3.652344,4.689655,3.0,4.0,8.0,b'book',40.0,84.333333,16.5,4.0
365.0,5.0,14,b'completed_checkout',1730046488094.0,3.912791,3.652344,4.689655,2.0,6.0,8.0,b'book',40.0,84.333333,26.0,7.0
366.0,9.0,14,b'search',1730046502880.0,3.912791,0.0,4.689655,3.0,7.0,9.0,b'ta',40.0,84.333333,16.5,3.610951008645533
367.0,9.0,14,b'browse',1730046506669.0,3.912791,3.0,3.0,3.0,7.0,9.0,b'book',40.0,84.333333,16.5,3.0
368.0,9.0,22,b'add_to_cart',1730046513008.0,3.0,3.652344,4.689655,3.0,7.0,9.0,b'book',40.0,84.333333,16.5,4.0
369.0,9.0,22,b'add_to_favorite',1730046514294.0,3.0,3.652344,4.689655,3.0,7.0,9.0,b'book',40.0,84.333333,16.5,5.0
370.0,9.0,14,b'completed_checkout',1730046519922.0,3.912791,3.652344,4.689655,3.0,7.0,9.0,b'book',40.0,84.333333,27.0,7.0
